;MLB; error parsing wrong data '{ID:0xc00027dca0 SiteID:0xc00027dcd0 SellerReputation:0xc00027dcc0 EffectiveSellerReputation:0xc00027dc90 Reasons:[0xc00027dd50]}';reputation;sellers
;; error parsing wrong data '{ID:0xc0007006f0 SiteID:0xc000700720 SellerReputation:0xc000700710 EffectiveSellerReputation:0xc0007006e0 Reasons:[0xc000700780]}';reputation;sellers
;; error parsing wrong data '{ID:0xc005519b40 SiteID:0xc005519b70 SellerReputation:0xc005519b60 EffectiveSellerReputation:0xc005519b30 Reasons:[0xc005519bc0]}';reputation;sellers
;MLB; error parsing wrong data '{ID:0xc00027dca0 SiteID:0xc00027dcd0 SellerReputation:0xc00027dcc0 EffectiveSellerReputation:0xc00027dc90 Reasons:[0xc00027dd50]}';reputation;sellers
;; error parsing wrong data '{ID:0xc0007006f0 SiteID:0xc000700720 SellerReputation:0xc000700710 EffectiveSellerReputation:0xc0007006e0 Reasons:[0xc000700780]}';reputation;sellers
;; error parsing wrong data '{ID:0xc005519b40 SiteID:0xc005519b70 SellerReputation:0xc005519b60 EffectiveSellerReputation:0xc005519b30 Reasons:[0xc005519bc0]}';reputation;sellers
;MLB; error parsing wrong data '{ID:0xc00027dca0 SiteID:0xc00027dcd0 SellerReputation:0xc00027dcc0 EffectiveSellerReputation:0xc00027dc90 Reasons:[0xc00027dd50]}';reputation;sellers
;; error parsing wrong data '{ID:0xc0007006f0 SiteID:0xc000700720 SellerReputation:0xc000700710 EffectiveSellerReputation:0xc0007006e0 Reasons:[0xc000700780]}';reputation;sellers
;; error parsing wrong data '{ID:0xc005519b40 SiteID:0xc005519b70 SellerReputation:0xc005519b60 EffectiveSellerReputation:0xc005519b30 Reasons:[0xc005519bc0]}';reputation;sellers
;MLB; error parsing wrong data '{ID:0xc00027dca0 SiteID:0xc00027dcd0 SellerReputation:0xc00027dcc0 EffectiveSellerReputation:0xc00027dc90 Reasons:[0xc00027dd50]}';reputation;sellers
;; error parsing wrong data '{ID:0xc0007006f0 SiteID:0xc000700720 SellerReputation:0xc000700710 EffectiveSellerReputation:0xc0007006e0 Reasons:[0xc000700780]}';reputation;sellers
;; error parsing wrong data '{ID:0xc005519b40 SiteID:0xc005519b70 SellerReputation:0xc005519b60 EffectiveSellerReputation:0xc005519b30 Reasons:[0xc005519bc0]}';reputation;sellers
;MLB; error parsing wrong data '{ID:0xc00027dca0 SiteID:0xc00027dcd0 SellerReputation:0xc00027dcc0 EffectiveSellerReputation:0xc00027dc90 Reasons:[0xc00027dd50]}';reputation;sellers
;; error parsing wrong data '{ID:0xc0007006f0 SiteID:0xc000700720 SellerReputation:0xc000700710 EffectiveSellerReputation:0xc0007006e0 Reasons:[0xc000700780]}';reputation;sellers
;; error parsing wrong data '{ID:0xc005519b40 SiteID:0xc005519b70 SellerReputation:0xc005519b60 EffectiveSellerReputation:0xc005519b30 Reasons:[0xc005519bc0]}';reputation;sellers
;MLB; error parsing wrong data '{ID:0xc00027dca0 SiteID:0xc00027dcd0 SellerReputation:0xc00027dcc0 EffectiveSellerReputation:0xc00027dc90 Reasons:[0xc00027dd50]}';reputation;sellers
;; error parsing wrong data '{ID:0xc0007006f0 SiteID:0xc000700720 SellerReputation:0xc000700710 EffectiveSellerReputation:0xc0007006e0 Reasons:[0xc000700780]}';reputation;sellers
;; error parsing wrong data '{ID:0xc005519b40 SiteID:0xc005519b70 SellerReputation:0xc005519b60 EffectiveSellerReputation:0xc005519b30 Reasons:[0xc005519bc0]}';reputation;sellers
;MLB; error parsing wrong data '{ID:0xc00027dca0 SiteID:0xc00027dcd0 SellerReputation:0xc00027dcc0 EffectiveSellerReputation:0xc00027dc90 Reasons:[0xc00027dd50]}';reputation;sellers
;; error parsing wrong data '{ID:0xc0007006f0 SiteID:0xc000700720 SellerReputation:0xc000700710 EffectiveSellerReputation:0xc0007006e0 Reasons:[0xc000700780]}';reputation;sellers
;; error parsing wrong data '{ID:0xc005519b40 SiteID:0xc005519b70 SellerReputation:0xc005519b60 EffectiveSellerReputation:0xc005519b30 Reasons:[0xc005519bc0]}';reputation;sellers
;MLB; error parsing wrong data '{ID:0xc00027dca0 SiteID:0xc00027dcd0 SellerReputation:0xc00027dcc0 EffectiveSellerReputation:0xc00027dc90 Reasons:[0xc00027dd50]}';reputation;sellers
;; error parsing wrong data '{ID:0xc0007006f0 SiteID:0xc000700720 SellerReputation:0xc000700710 EffectiveSellerReputation:0xc0007006e0 Reasons:[0xc000700780]}';reputation;sellers
;; error parsing wrong data '{ID:0xc005519b40 SiteID:0xc005519b70 SellerReputation:0xc005519b60 EffectiveSellerReputation:0xc005519b30 Reasons:[0xc005519bc0]}';reputation;sellers
;MLB; error parsing wrong data '{ID:0xc00027dca0 SiteID:0xc00027dcd0 SellerReputation:0xc00027dcc0 EffectiveSellerReputation:0xc00027dc90 Reasons:[0xc00027dd50]}';reputation;sellers
;; error parsing wrong data '{ID:0xc0007006f0 SiteID:0xc000700720 SellerReputation:0xc000700710 EffectiveSellerReputation:0xc0007006e0 Reasons:[0xc000700780]}';reputation;sellers
;; error parsing wrong data '{ID:0xc005519b40 SiteID:0xc005519b70 SellerReputation:0xc005519b60 EffectiveSellerReputation:0xc005519b30 Reasons:[0xc005519bc0]}';reputation;sellers
;MLB; error parsing wrong data '{ID:0xc00027dca0 SiteID:0xc00027dcd0 SellerReputation:0xc00027dcc0 EffectiveSellerReputation:0xc00027dc90 Reasons:[0xc00027dd50]}';reputation;sellers
;; error parsing wrong data '{ID:0xc0007006f0 SiteID:0xc000700720 SellerReputation:0xc000700710 EffectiveSellerReputation:0xc0007006e0 Reasons:[0xc000700780]}';reputation;sellers
;; error parsing wrong data '{ID:0xc005519b40 SiteID:0xc005519b70 SellerReputation:0xc005519b60 EffectiveSellerReputation:0xc005519b30 Reasons:[0xc005519bc0]}';reputation;sellers
;MLB; error parsing wrong data '{ID:0xc00027dca0 SiteID:0xc00027dcd0 SellerReputation:0xc00027dcc0 EffectiveSellerReputation:0xc00027dc90 Reasons:[0xc00027dd50]}';reputation;sellers
;; error parsing wrong data '{ID:0xc0007006f0 SiteID:0xc000700720 SellerReputation:0xc000700710 EffectiveSellerReputation:0xc0007006e0 Reasons:[0xc000700780]}';reputation;sellers
;; error parsing wrong data '{ID:0xc005519b40 SiteID:0xc005519b70 SellerReputation:0xc005519b60 EffectiveSellerReputation:0xc005519b30 Reasons:[0xc005519bc0]}';reputation;sellers
;MLB; error parsing wrong data '{ID:0xc00027dca0 SiteID:0xc00027dcd0 SellerReputation:0xc00027dcc0 EffectiveSellerReputation:0xc00027dc90 Reasons:[0xc00027dd50]}';reputation;sellers
;; error parsing wrong data '{ID:0xc0007006f0 SiteID:0xc000700720 SellerReputation:0xc000700710 EffectiveSellerReputation:0xc0007006e0 Reasons:[0xc000700780]}';reputation;sellers
;; error parsing wrong data '{ID:0xc005519b40 SiteID:0xc005519b70 SellerReputation:0xc005519b60 EffectiveSellerReputation:0xc005519b30 Reasons:[0xc005519bc0]}';reputation;sellers
;MLB; error parsing wrong data '{ID:0xc00027dca0 SiteID:0xc00027dcd0 SellerReputation:0xc00027dcc0 EffectiveSellerReputation:0xc00027dc90 Reasons:[0xc00027dd50]}';reputation;sellers
;; error parsing wrong data '{ID:0xc0007006f0 SiteID:0xc000700720 SellerReputation:0xc000700710 EffectiveSellerReputation:0xc0007006e0 Reasons:[0xc000700780]}';reputation;sellers
;; error parsing wrong data '{ID:0xc005519b40 SiteID:0xc005519b70 SellerReputation:0xc005519b60 EffectiveSellerReputation:0xc005519b30 Reasons:[0xc005519bc0]}';reputation;sellers
;MLB; error parsing wrong data '{ID:0xc00027dca0 SiteID:0xc00027dcd0 SellerReputation:0xc00027dcc0 EffectiveSellerReputation:0xc00027dc90 Reasons:[0xc00027dd50]}';reputation;sellers
;; error parsing wrong data '{ID:0xc0007006f0 SiteID:0xc000700720 SellerReputation:0xc000700710 EffectiveSellerReputation:0xc0007006e0 Reasons:[0xc000700780]}';reputation;sellers
;; error parsing wrong data '{ID:0xc005519b40 SiteID:0xc005519b70 SellerReputation:0xc005519b60 EffectiveSellerReputation:0xc005519b30 Reasons:[0xc005519bc0]}';reputation;sellers
;MLB; error parsing wrong data '{ID:0xc00027dca0 SiteID:0xc00027dcd0 SellerReputation:0xc00027dcc0 EffectiveSellerReputation:0xc00027dc90 Reasons:[0xc00027dd50]}';reputation;sellers
;; error parsing wrong data '{ID:0xc0007006f0 SiteID:0xc000700720 SellerReputation:0xc000700710 EffectiveSellerReputation:0xc0007006e0 Reasons:[0xc000700780]}';reputation;sellers
;; error parsing wrong data '{ID:0xc005519b40 SiteID:0xc005519b70 SellerReputation:0xc005519b60 EffectiveSellerReputation:0xc005519b30 Reasons:[0xc005519bc0]}';reputation;sellers
;MLB; error parsing wrong data '{ID:0xc00027dca0 SiteID:0xc00027dcd0 SellerReputation:0xc00027dcc0 EffectiveSellerReputation:0xc00027dc90 Reasons:[0xc00027dd50]}';reputation;sellers
;; error parsing wrong data '{ID:0xc0007006f0 SiteID:0xc000700720 SellerReputation:0xc000700710 EffectiveSellerReputation:0xc0007006e0 Reasons:[0xc000700780]}';reputation;sellers
;; error parsing wrong data '{ID:0xc005519b40 SiteID:0xc005519b70 SellerReputation:0xc005519b60 EffectiveSellerReputation:0xc005519b30 Reasons:[0xc005519bc0]}';reputation;sellers
;MLB; error parsing wrong data '{ID:0xc00027dca0 SiteID:0xc00027dcd0 SellerReputation:0xc00027dcc0 EffectiveSellerReputation:0xc00027dc90 Reasons:[0xc00027dd50]}';reputation;sellers
;; error parsing wrong data '{ID:0xc0007006f0 SiteID:0xc000700720 SellerReputation:0xc000700710 EffectiveSellerReputation:0xc0007006e0 Reasons:[0xc000700780]}';reputation;sellers
;; error parsing wrong data '{ID:0xc005519b40 SiteID:0xc005519b70 SellerReputation:0xc005519b60 EffectiveSellerReputation:0xc005519b30 Reasons:[0xc005519bc0]}';reputation;sellers
;MLB; error parsing wrong data '{ID:0xc00027dca0 SiteID:0xc00027dcd0 SellerReputation:0xc00027dcc0 EffectiveSellerReputation:0xc00027dc90 Reasons:[0xc00027dd50]}';reputation;sellers
;; error parsing wrong data '{ID:0xc0007006f0 SiteID:0xc000700720 SellerReputation:0xc000700710 EffectiveSellerReputation:0xc0007006e0 Reasons:[0xc000700780]}';reputation;sellers
;; error parsing wrong data '{ID:0xc005519b40 SiteID:0xc005519b70 SellerReputation:0xc005519b60 EffectiveSellerReputation:0xc005519b30 Reasons:[0xc005519bc0]}';reputation;sellers
;MLB; error parsing wrong data '{ID:0xc00027dca0 SiteID:0xc00027dcd0 SellerReputation:0xc00027dcc0 EffectiveSellerReputation:0xc00027dc90 Reasons:[0xc00027dd50]}';reputation;sellers
;; error parsing wrong data '{ID:0xc0007006f0 SiteID:0xc000700720 SellerReputation:0xc000700710 EffectiveSellerReputation:0xc0007006e0 Reasons:[0xc000700780]}';reputation;sellers
;; error parsing wrong data '{ID:0xc005519b40 SiteID:0xc005519b70 SellerReputation:0xc005519b60 EffectiveSellerReputation:0xc005519b30 Reasons:[0xc005519bc0]}';reputation;sellers
;MLB; error parsing wrong data '{ID:0xc00027dca0 SiteID:0xc00027dcd0 SellerReputation:0xc00027dcc0 EffectiveSellerReputation:0xc00027dc90 Reasons:[0xc00027dd50]}';reputation;sellers
;; error parsing wrong data '{ID:0xc0007006f0 SiteID:0xc000700720 SellerReputation:0xc000700710 EffectiveSellerReputation:0xc0007006e0 Reasons:[0xc000700780]}';reputation;sellers
;; error parsing wrong data '{ID:0xc005519b40 SiteID:0xc005519b70 SellerReputation:0xc005519b60 EffectiveSellerReputation:0xc005519b30 Reasons:[0xc005519bc0]}';reputation;sellers
;MLB; error parsing wrong data '{ID:0xc00027dca0 SiteID:0xc00027dcd0 SellerReputation:0xc00027dcc0 EffectiveSellerReputation:0xc00027dc90 Reasons:[0xc00027dd50]}';reputation;sellers
;; error parsing wrong data '{ID:0xc0007006f0 SiteID:0xc000700720 SellerReputation:0xc000700710 EffectiveSellerReputation:0xc0007006e0 Reasons:[0xc000700780]}';reputation;sellers
;; error parsing wrong data '{ID:0xc005519b40 SiteID:0xc005519b70 SellerReputation:0xc005519b60 EffectiveSellerReputation:0xc005519b30 Reasons:[0xc005519bc0]}';reputation;sellers
;MLB; error parsing wrong data '{ID:0xc00027dca0 SiteID:0xc00027dcd0 SellerReputation:0xc00027dcc0 EffectiveSellerReputation:0xc00027dc90 Reasons:[0xc00027dd50]}';reputation;sellers
;; error parsing wrong data '{ID:0xc0007006f0 SiteID:0xc000700720 SellerReputation:0xc000700710 EffectiveSellerReputation:0xc0007006e0 Reasons:[0xc000700780]}';reputation;sellers
;; error parsing wrong data '{ID:0xc005519b40 SiteID:0xc005519b70 SellerReputation:0xc005519b60 EffectiveSellerReputation:0xc005519b30 Reasons:[0xc005519bc0]}';reputation;sellers
;MLB; error parsing wrong data '{ID:0xc00027dca0 SiteID:0xc00027dcd0 SellerReputation:0xc00027dcc0 EffectiveSellerReputation:0xc00027dc90 Reasons:[0xc00027dd50]}';reputation;sellers
;; error parsing wrong data '{ID:0xc0007006f0 SiteID:0xc000700720 SellerReputation:0xc000700710 EffectiveSellerReputation:0xc0007006e0 Reasons:[0xc000700780]}';reputation;sellers
;; error parsing wrong data '{ID:0xc005519b40 SiteID:0xc005519b70 SellerReputation:0xc005519b60 EffectiveSellerReputation:0xc005519b30 Reasons:[0xc005519bc0]}';reputation;sellers
;MLB; error parsing wrong data '{ID:0xc00027dca0 SiteID:0xc00027dcd0 SellerReputation:0xc00027dcc0 EffectiveSellerReputation:0xc00027dc90 Reasons:[0xc00027dd50]}';reputation;sellers
;; error parsing wrong data '{ID:0xc0007006f0 SiteID:0xc000700720 SellerReputation:0xc000700710 EffectiveSellerReputation:0xc0007006e0 Reasons:[0xc000700780]}';reputation;sellers
;; error parsing wrong data '{ID:0xc005519b40 SiteID:0xc005519b70 SellerReputation:0xc005519b60 EffectiveSellerReputation:0xc005519b30 Reasons:[0xc005519bc0]}';reputation;sellers
;MLB; error parsing wrong data '{ID:0xc00027dca0 SiteID:0xc00027dcd0 SellerReputation:0xc00027dcc0 EffectiveSellerReputation:0xc00027dc90 Reasons:[0xc00027dd50]}';reputation;sellers
;; error parsing wrong data '{ID:0xc0007006f0 SiteID:0xc000700720 SellerReputation:0xc000700710 EffectiveSellerReputation:0xc0007006e0 Reasons:[0xc000700780]}';reputation;sellers
;; error parsing wrong data '{ID:0xc005519b40 SiteID:0xc005519b70 SellerReputation:0xc005519b60 EffectiveSellerReputation:0xc005519b30 Reasons:[0xc005519bc0]}';reputation;sellers
;MLB; error parsing wrong data '{ID:0xc00027dca0 SiteID:0xc00027dcd0 SellerReputation:0xc00027dcc0 EffectiveSellerReputation:0xc00027dc90 Reasons:[0xc00027dd50]}';reputation;sellers
;; error parsing wrong data '{ID:0xc0007006f0 SiteID:0xc000700720 SellerReputation:0xc000700710 EffectiveSellerReputation:0xc0007006e0 Reasons:[0xc000700780]}';reputation;sellers
;; error parsing wrong data '{ID:0xc005519b40 SiteID:0xc005519b70 SellerReputation:0xc005519b60 EffectiveSellerReputation:0xc005519b30 Reasons:[0xc005519bc0]}';reputation;sellers
;MLB; error parsing wrong data '{ID:0xc00027dca0 SiteID:0xc00027dcd0 SellerReputation:0xc00027dcc0 EffectiveSellerReputation:0xc00027dc90 Reasons:[0xc00027dd50]}';reputation;sellers
;; error parsing wrong data '{ID:0xc0007006f0 SiteID:0xc000700720 SellerReputation:0xc000700710 EffectiveSellerReputation:0xc0007006e0 Reasons:[0xc000700780]}';reputation;sellers
;; error parsing wrong data '{ID:0xc005519b40 SiteID:0xc005519b70 SellerReputation:0xc005519b60 EffectiveSellerReputation:0xc005519b30 Reasons:[0xc005519bc0]}';reputation;sellers
;MLB; error parsing wrong data '{ID:0xc00027dca0 SiteID:0xc00027dcd0 SellerReputation:0xc00027dcc0 EffectiveSellerReputation:0xc00027dc90 Reasons:[0xc00027dd50]}';reputation;sellers
;; error parsing wrong data '{ID:0xc0007006f0 SiteID:0xc000700720 SellerReputation:0xc000700710 EffectiveSellerReputation:0xc0007006e0 Reasons:[0xc000700780]}';reputation;sellers
;; error parsing wrong data '{ID:0xc005519b40 SiteID:0xc005519b70 SellerReputation:0xc005519b60 EffectiveSellerReputation:0xc005519b30 Reasons:[0xc005519bc0]}';reputation;sellers
;MLB; error parsing wrong data '{ID:0xc00027dca0 SiteID:0xc00027dcd0 SellerReputation:0xc00027dcc0 EffectiveSellerReputation:0xc00027dc90 Reasons:[0xc00027dd50]}';reputation;sellers
;; error parsing wrong data '{ID:0xc0007006f0 SiteID:0xc000700720 SellerReputation:0xc000700710 EffectiveSellerReputation:0xc0007006e0 Reasons:[0xc000700780]}';reputation;sellers
;; error parsing wrong data '{ID:0xc005519b40 SiteID:0xc005519b70 SellerReputation:0xc005519b60 EffectiveSellerReputation:0xc005519b30 Reasons:[0xc005519bc0]}';reputation;sellers
;MLB; error parsing wrong data '{ID:0xc00027dca0 SiteID:0xc00027dcd0 SellerReputation:0xc00027dcc0 EffectiveSellerReputation:0xc00027dc90 Reasons:[0xc00027dd50]}';reputation;sellers
;; error parsing wrong data '{ID:0xc0007006f0 SiteID:0xc000700720 SellerReputation:0xc000700710 EffectiveSellerReputation:0xc0007006e0 Reasons:[0xc000700780]}';reputation;sellers
;; error parsing wrong data '{ID:0xc005519b40 SiteID:0xc005519b70 SellerReputation:0xc005519b60 EffectiveSellerReputation:0xc005519b30 Reasons:[0xc005519bc0]}';reputation;sellers
;MLB; error parsing wrong data '{ID:0xc00027dca0 SiteID:0xc00027dcd0 SellerReputation:0xc00027dcc0 EffectiveSellerReputation:0xc00027dc90 Reasons:[0xc00027dd50]}';reputation;sellers
;; error parsing wrong data '{ID:0xc0007006f0 SiteID:0xc000700720 SellerReputation:0xc000700710 EffectiveSellerReputation:0xc0007006e0 Reasons:[0xc000700780]}';reputation;sellers
;; error parsing wrong data '{ID:0xc005519b40 SiteID:0xc005519b70 SellerReputation:0xc005519b60 EffectiveSellerReputation:0xc005519b30 Reasons:[0xc005519bc0]}';reputation;sellers
;MLB; error parsing wrong data '{ID:0xc00027dca0 SiteID:0xc00027dcd0 SellerReputation:0xc00027dcc0 EffectiveSellerReputation:0xc00027dc90 Reasons:[0xc00027dd50]}';reputation;sellers
;; error parsing wrong data '{ID:0xc0007006f0 SiteID:0xc000700720 SellerReputation:0xc000700710 EffectiveSellerReputation:0xc0007006e0 Reasons:[0xc000700780]}';reputation;sellers
;; error parsing wrong data '{ID:0xc005519b40 SiteID:0xc005519b70 SellerReputation:0xc005519b60 EffectiveSellerReputation:0xc005519b30 Reasons:[0xc005519bc0]}';reputation;sellers
;MLB; error parsing wrong data '{ID:0xc00027dca0 SiteID:0xc00027dcd0 SellerReputation:0xc00027dcc0 EffectiveSellerReputation:0xc00027dc90 Reasons:[0xc00027dd50]}';reputation;sellers
;; error parsing wrong data '{ID:0xc0007006f0 SiteID:0xc000700720 SellerReputation:0xc000700710 EffectiveSellerReputation:0xc0007006e0 Reasons:[0xc000700780]}';reputation;sellers
;; error parsing wrong data '{ID:0xc005519b40 SiteID:0xc005519b70 SellerReputation:0xc005519b60 EffectiveSellerReputation:0xc005519b30 Reasons:[0xc005519bc0]}';reputation;sellers
;MLB; error parsing wrong data '{ID:0xc00027dca0 SiteID:0xc00027dcd0 SellerReputation:0xc00027dcc0 EffectiveSellerReputation:0xc00027dc90 Reasons:[0xc00027dd50]}';reputation;sellers
;; error parsing wrong data '{ID:0xc0007006f0 SiteID:0xc000700720 SellerReputation:0xc000700710 EffectiveSellerReputation:0xc0007006e0 Reasons:[0xc000700780]}';reputation;sellers
;; error parsing wrong data '{ID:0xc005519b40 SiteID:0xc005519b70 SellerReputation:0xc005519b60 EffectiveSellerReputation:0xc005519b30 Reasons:[0xc005519bc0]}';reputation;sellers
;MLB; error parsing wrong data '{ID:0xc00027dca0 SiteID:0xc00027dcd0 SellerReputation:0xc00027dcc0 EffectiveSellerReputation:0xc00027dc90 Reasons:[0xc00027dd50]}';reputation;sellers
;; error parsing wrong data '{ID:0xc0007006f0 SiteID:0xc000700720 SellerReputation:0xc000700710 EffectiveSellerReputation:0xc0007006e0 Reasons:[0xc000700780]}';reputation;sellers
;; error parsing wrong data '{ID:0xc005519b40 SiteID:0xc005519b70 SellerReputation:0xc005519b60 EffectiveSellerReputation:0xc005519b30 Reasons:[0xc005519bc0]}';reputation;sellers
;MLB; error parsing wrong data '{ID:0xc00027dca0 SiteID:0xc00027dcd0 SellerReputation:0xc00027dcc0 EffectiveSellerReputation:0xc00027dc90 Reasons:[0xc00027dd50]}';reputation;sellers
;; error parsing wrong data '{ID:0xc0007006f0 SiteID:0xc000700720 SellerReputation:0xc000700710 EffectiveSellerReputation:0xc0007006e0 Reasons:[0xc000700780]}';reputation;sellers
;; error parsing wrong data '{ID:0xc005519b40 SiteID:0xc005519b70 SellerReputation:0xc005519b60 EffectiveSellerReputation:0xc005519b30 Reasons:[0xc005519bc0]}';reputation;sellers
;MLB; error parsing wrong data '{ID:0xc00027dca0 SiteID:0xc00027dcd0 SellerReputation:0xc00027dcc0 EffectiveSellerReputation:0xc00027dc90 Reasons:[0xc00027dd50]}';reputation;sellers
;; error parsing wrong data '{ID:0xc0007006f0 SiteID:0xc000700720 SellerReputation:0xc000700710 EffectiveSellerReputation:0xc0007006e0 Reasons:[0xc000700780]}';reputation;sellers
;; error parsing wrong data '{ID:0xc005519b40 SiteID:0xc005519b70 SellerReputation:0xc005519b60 EffectiveSellerReputation:0xc005519b30 Reasons:[0xc005519bc0]}';reputation;sellers
;MLB; error parsing wrong data '{ID:0xc00027dca0 SiteID:0xc00027dcd0 SellerReputation:0xc00027dcc0 EffectiveSellerReputation:0xc00027dc90 Reasons:[0xc00027dd50]}';reputation;sellers
;; error parsing wrong data '{ID:0xc0007006f0 SiteID:0xc000700720 SellerReputation:0xc000700710 EffectiveSellerReputation:0xc0007006e0 Reasons:[0xc000700780]}';reputation;sellers
;; error parsing wrong data '{ID:0xc005519b40 SiteID:0xc005519b70 SellerReputation:0xc005519b60 EffectiveSellerReputation:0xc005519b30 Reasons:[0xc005519bc0]}';reputation;sellers
;MLB; error parsing wrong data '{ID:0xc00027dca0 SiteID:0xc00027dcd0 SellerReputation:0xc00027dcc0 EffectiveSellerReputation:0xc00027dc90 Reasons:[0xc00027dd50]}';reputation;sellers
;; error parsing wrong data '{ID:0xc0007006f0 SiteID:0xc000700720 SellerReputation:0xc000700710 EffectiveSellerReputation:0xc0007006e0 Reasons:[0xc000700780]}';reputation;sellers
;; error parsing wrong data '{ID:0xc005519b40 SiteID:0xc005519b70 SellerReputation:0xc005519b60 EffectiveSellerReputation:0xc005519b30 Reasons:[0xc005519bc0]}';reputation;sellers
;MLB; error parsing wrong data '{ID:0xc00027dca0 SiteID:0xc00027dcd0 SellerReputation:0xc00027dcc0 EffectiveSellerReputation:0xc00027dc90 Reasons:[0xc00027dd50]}';reputation;sellers
;; error parsing wrong data '{ID:0xc0007006f0 SiteID:0xc000700720 SellerReputation:0xc000700710 EffectiveSellerReputation:0xc0007006e0 Reasons:[0xc000700780]}';reputation;sellers
;; error parsing wrong data '{ID:0xc005519b40 SiteID:0xc005519b70 SellerReputation:0xc005519b60 EffectiveSellerReputation:0xc005519b30 Reasons:[0xc005519bc0]}';reputation;sellers
;MLB; error parsing wrong data '{ID:0xc00027dca0 SiteID:0xc00027dcd0 SellerReputation:0xc00027dcc0 EffectiveSellerReputation:0xc00027dc90 Reasons:[0xc00027dd50]}';reputation;sellers
;; error parsing wrong data '{ID:0xc0007006f0 SiteID:0xc000700720 SellerReputation:0xc000700710 EffectiveSellerReputation:0xc0007006e0 Reasons:[0xc000700780]}';reputation;sellers
;; error parsing wrong data '{ID:0xc005519b40 SiteID:0xc005519b70 SellerReputation:0xc005519b60 EffectiveSellerReputation:0xc005519b30 Reasons:[0xc005519bc0]}';reputation;sellers
;MLB; error parsing wrong data '{ID:0xc00027dca0 SiteID:0xc00027dcd0 SellerReputation:0xc00027dcc0 EffectiveSellerReputation:0xc00027dc90 Reasons:[0xc00027dd50]}';reputation;sellers
;; error parsing wrong data '{ID:0xc0007006f0 SiteID:0xc000700720 SellerReputation:0xc000700710 EffectiveSellerReputation:0xc0007006e0 Reasons:[0xc000700780]}';reputation;sellers
;; error parsing wrong data '{ID:0xc005519b40 SiteID:0xc005519b70 SellerReputation:0xc005519b60 EffectiveSellerReputation:0xc005519b30 Reasons:[0xc005519bc0]}';reputation;sellers
;MLB; error parsing wrong data '{ID:0xc00027dca0 SiteID:0xc00027dcd0 SellerReputation:0xc00027dcc0 EffectiveSellerReputation:0xc00027dc90 Reasons:[0xc00027dd50]}';reputation;sellers
;; error parsing wrong data '{ID:0xc0007006f0 SiteID:0xc000700720 SellerReputation:0xc000700710 EffectiveSellerReputation:0xc0007006e0 Reasons:[0xc000700780]}';reputation;sellers
;; error parsing wrong data '{ID:0xc005519b40 SiteID:0xc005519b70 SellerReputation:0xc005519b60 EffectiveSellerReputation:0xc005519b30 Reasons:[0xc005519bc0]}';reputation;sellers
;MLB; error parsing wrong data '{ID:0xc00027dca0 SiteID:0xc00027dcd0 SellerReputation:0xc00027dcc0 EffectiveSellerReputation:0xc00027dc90 Reasons:[0xc00027dd50]}';reputation;sellers
;; error parsing wrong data '{ID:0xc0007006f0 SiteID:0xc000700720 SellerReputation:0xc000700710 EffectiveSellerReputation:0xc0007006e0 Reasons:[0xc000700780]}';reputation;sellers
;; error parsing wrong data '{ID:0xc005519b40 SiteID:0xc005519b70 SellerReputation:0xc005519b60 EffectiveSellerReputation:0xc005519b30 Reasons:[0xc005519bc0]}';reputation;sellers
;MLB; error parsing wrong data '{ID:0xc00027dca0 SiteID:0xc00027dcd0 SellerReputation:0xc00027dcc0 EffectiveSellerReputation:0xc00027dc90 Reasons:[0xc00027dd50]}';reputation;sellers
;; error parsing wrong data '{ID:0xc0007006f0 SiteID:0xc000700720 SellerReputation:0xc000700710 EffectiveSellerReputation:0xc0007006e0 Reasons:[0xc000700780]}';reputation;sellers
;; error parsing wrong data '{ID:0xc005519b40 SiteID:0xc005519b70 SellerReputation:0xc005519b60 EffectiveSellerReputation:0xc005519b30 Reasons:[0xc005519bc0]}';reputation;sellers
;MLB; error parsing wrong data '{ID:0xc00027dca0 SiteID:0xc00027dcd0 SellerReputation:0xc00027dcc0 EffectiveSellerReputation:0xc00027dc90 Reasons:[0xc00027dd50]}';reputation;sellers
;; error parsing wrong data '{ID:0xc0007006f0 SiteID:0xc000700720 SellerReputation:0xc000700710 EffectiveSellerReputation:0xc0007006e0 Reasons:[0xc000700780]}';reputation;sellers
;; error parsing wrong data '{ID:0xc005519b40 SiteID:0xc005519b70 SellerReputation:0xc005519b60 EffectiveSellerReputation:0xc005519b30 Reasons:[0xc005519bc0]}';reputation;sellers
;MLB; error parsing wrong data '{ID:0xc00027dca0 SiteID:0xc00027dcd0 SellerReputation:0xc00027dcc0 EffectiveSellerReputation:0xc00027dc90 Reasons:[0xc00027dd50]}';reputation;sellers
;; error parsing wrong data '{ID:0xc0007006f0 SiteID:0xc000700720 SellerReputation:0xc000700710 EffectiveSellerReputation:0xc0007006e0 Reasons:[0xc000700780]}';reputation;sellers
;; error parsing wrong data '{ID:0xc005519b40 SiteID:0xc005519b70 SellerReputation:0xc005519b60 EffectiveSellerReputation:0xc005519b30 Reasons:[0xc005519bc0]}';reputation;sellers
;MLB; error parsing wrong data '{ID:0xc00027dca0 SiteID:0xc00027dcd0 SellerReputation:0xc00027dcc0 EffectiveSellerReputation:0xc00027dc90 Reasons:[0xc00027dd50]}';reputation;sellers
;; error parsing wrong data '{ID:0xc0007006f0 SiteID:0xc000700720 SellerReputation:0xc000700710 EffectiveSellerReputation:0xc0007006e0 Reasons:[0xc000700780]}';reputation;sellers
;; error parsing wrong data '{ID:0xc005519b40 SiteID:0xc005519b70 SellerReputation:0xc005519b60 EffectiveSellerReputation:0xc005519b30 Reasons:[0xc005519bc0]}';reputation;sellers
;MLB; error parsing wrong data '{ID:0xc00027dca0 SiteID:0xc00027dcd0 SellerReputation:0xc00027dcc0 EffectiveSellerReputation:0xc00027dc90 Reasons:[0xc00027dd50]}';reputation;sellers
;; error parsing wrong data '{ID:0xc0007006f0 SiteID:0xc000700720 SellerReputation:0xc000700710 EffectiveSellerReputation:0xc0007006e0 Reasons:[0xc000700780]}';reputation;sellers
;; error parsing wrong data '{ID:0xc005519b40 SiteID:0xc005519b70 SellerReputation:0xc005519b60 EffectiveSellerReputation:0xc005519b30 Reasons:[0xc005519bc0]}';reputation;sellers
;MLB; error parsing wrong data '{ID:0xc00027dca0 SiteID:0xc00027dcd0 SellerReputation:0xc00027dcc0 EffectiveSellerReputation:0xc00027dc90 Reasons:[0xc00027dd50]}';reputation;sellers
;; error parsing wrong data '{ID:0xc0007006f0 SiteID:0xc000700720 SellerReputation:0xc000700710 EffectiveSellerReputation:0xc0007006e0 Reasons:[0xc000700780]}';reputation;sellers
;; error parsing wrong data '{ID:0xc005519b40 SiteID:0xc005519b70 SellerReputation:0xc005519b60 EffectiveSellerReputation:0xc005519b30 Reasons:[0xc005519bc0]}';reputation;sellers
;MLB; error parsing wrong data '{ID:0xc00027dca0 SiteID:0xc00027dcd0 SellerReputation:0xc00027dcc0 EffectiveSellerReputation:0xc00027dc90 Reasons:[0xc00027dd50]}';reputation;sellers
;; error parsing wrong data '{ID:0xc0007006f0 SiteID:0xc000700720 SellerReputation:0xc000700710 EffectiveSellerReputation:0xc0007006e0 Reasons:[0xc000700780]}';reputation;sellers
;; error parsing wrong data '{ID:0xc005519b40 SiteID:0xc005519b70 SellerReputation:0xc005519b60 EffectiveSellerReputation:0xc005519b30 Reasons:[0xc005519bc0]}';reputation;sellers
;MLB; error parsing wrong data '{ID:0xc00027dca0 SiteID:0xc00027dcd0 SellerReputation:0xc00027dcc0 EffectiveSellerReputation:0xc00027dc90 Reasons:[0xc00027dd50]}';reputation;sellers
;; error parsing wrong data '{ID:0xc0007006f0 SiteID:0xc000700720 SellerReputation:0xc000700710 EffectiveSellerReputation:0xc0007006e0 Reasons:[0xc000700780]}';reputation;sellers
;; error parsing wrong data '{ID:0xc005519b40 SiteID:0xc005519b70 SellerReputation:0xc005519b60 EffectiveSellerReputation:0xc005519b30 Reasons:[0xc005519bc0]}';reputation;sellers
;MLB; error parsing wrong data '{ID:0xc00027dca0 SiteID:0xc00027dcd0 SellerReputation:0xc00027dcc0 EffectiveSellerReputation:0xc00027dc90 Reasons:[0xc00027dd50]}';reputation;sellers
;; error parsing wrong data '{ID:0xc0007006f0 SiteID:0xc000700720 SellerReputation:0xc000700710 EffectiveSellerReputation:0xc0007006e0 Reasons:[0xc000700780]}';reputation;sellers
;; error parsing wrong data '{ID:0xc005519b40 SiteID:0xc005519b70 SellerReputation:0xc005519b60 EffectiveSellerReputation:0xc005519b30 Reasons:[0xc005519bc0]}';reputation;sellers
;MLB; error parsing wrong data '{ID:0xc00027dca0 SiteID:0xc00027dcd0 SellerReputation:0xc00027dcc0 EffectiveSellerReputation:0xc00027dc90 Reasons:[0xc00027dd50]}';reputation;sellers
;; error parsing wrong data '{ID:0xc0007006f0 SiteID:0xc000700720 SellerReputation:0xc000700710 EffectiveSellerReputation:0xc0007006e0 Reasons:[0xc000700780]}';reputation;sellers
;; error parsing wrong data '{ID:0xc005519b40 SiteID:0xc005519b70 SellerReputation:0xc005519b60 EffectiveSellerReputation:0xc005519b30 Reasons:[0xc005519bc0]}';reputation;sellers
;MLB; error parsing wrong data '{ID:0xc00027dca0 SiteID:0xc00027dcd0 SellerReputation:0xc00027dcc0 EffectiveSellerReputation:0xc00027dc90 Reasons:[0xc00027dd50]}';reputation;sellers
;; error parsing wrong data '{ID:0xc0007006f0 SiteID:0xc000700720 SellerReputation:0xc000700710 EffectiveSellerReputation:0xc0007006e0 Reasons:[0xc000700780]}';reputation;sellers
;; error parsing wrong data '{ID:0xc005519b40 SiteID:0xc005519b70 SellerReputation:0xc005519b60 EffectiveSellerReputation:0xc005519b30 Reasons:[0xc005519bc0]}';reputation;sellers
;MLB; error parsing wrong data '{ID:0xc00027dca0 SiteID:0xc00027dcd0 SellerReputation:0xc00027dcc0 EffectiveSellerReputation:0xc00027dc90 Reasons:[0xc00027dd50]}';reputation;sellers
;; error parsing wrong data '{ID:0xc0007006f0 SiteID:0xc000700720 SellerReputation:0xc000700710 EffectiveSellerReputation:0xc0007006e0 Reasons:[0xc000700780]}';reputation;sellers
;; error parsing wrong data '{ID:0xc005519b40 SiteID:0xc005519b70 SellerReputation:0xc005519b60 EffectiveSellerReputation:0xc005519b30 Reasons:[0xc005519bc0]}';reputation;sellers
;MLB; error parsing wrong data '{ID:0xc00027dca0 SiteID:0xc00027dcd0 SellerReputation:0xc00027dcc0 EffectiveSellerReputation:0xc00027dc90 Reasons:[0xc00027dd50]}';reputation;sellers
;; error parsing wrong data '{ID:0xc0007006f0 SiteID:0xc000700720 SellerReputation:0xc000700710 EffectiveSellerReputation:0xc0007006e0 Reasons:[0xc000700780]}';reputation;sellers
;; error parsing wrong data '{ID:0xc005519b40 SiteID:0xc005519b70 SellerReputation:0xc005519b60 EffectiveSellerReputation:0xc005519b30 Reasons:[0xc005519bc0]}';reputation;sellers
;MLB; error parsing wrong data '{ID:0xc00027dca0 SiteID:0xc00027dcd0 SellerReputation:0xc00027dcc0 EffectiveSellerReputation:0xc00027dc90 Reasons:[0xc00027dd50]}';reputation;sellers
;; error parsing wrong data '{ID:0xc0007006f0 SiteID:0xc000700720 SellerReputation:0xc000700710 EffectiveSellerReputation:0xc0007006e0 Reasons:[0xc000700780]}';reputation;sellers
;; error parsing wrong data '{ID:0xc005519b40 SiteID:0xc005519b70 SellerReputation:0xc005519b60 EffectiveSellerReputation:0xc005519b30 Reasons:[0xc005519bc0]}';reputation;sellers
;MLB; error parsing wrong data '{ID:0xc00027dca0 SiteID:0xc00027dcd0 SellerReputation:0xc00027dcc0 EffectiveSellerReputation:0xc00027dc90 Reasons:[0xc00027dd50]}';reputation;sellers
;; error parsing wrong data '{ID:0xc0007006f0 SiteID:0xc000700720 SellerReputation:0xc000700710 EffectiveSellerReputation:0xc0007006e0 Reasons:[0xc000700780]}';reputation;sellers
;; error parsing wrong data '{ID:0xc005519b40 SiteID:0xc005519b70 SellerReputation:0xc005519b60 EffectiveSellerReputation:0xc005519b30 Reasons:[0xc005519bc0]}';reputation;sellers
;MLB; error parsing wrong data '{ID:0xc00027dca0 SiteID:0xc00027dcd0 SellerReputation:0xc00027dcc0 EffectiveSellerReputation:0xc00027dc90 Reasons:[0xc00027dd50]}';reputation;sellers
;; error parsing wrong data '{ID:0xc0007006f0 SiteID:0xc000700720 SellerReputation:0xc000700710 EffectiveSellerReputation:0xc0007006e0 Reasons:[0xc000700780]}';reputation;sellers
;; error parsing wrong data '{ID:0xc005519b40 SiteID:0xc005519b70 SellerReputation:0xc005519b60 EffectiveSellerReputation:0xc005519b30 Reasons:[0xc005519bc0]}';reputation;sellers
;MLB; error parsing wrong data '{ID:0xc00027dca0 SiteID:0xc00027dcd0 SellerReputation:0xc00027dcc0 EffectiveSellerReputation:0xc00027dc90 Reasons:[0xc00027dd50]}';reputation;sellers
;; error parsing wrong data '{ID:0xc0007006f0 SiteID:0xc000700720 SellerReputation:0xc000700710 EffectiveSellerReputation:0xc0007006e0 Reasons:[0xc000700780]}';reputation;sellers
;; error parsing wrong data '{ID:0xc005519b40 SiteID:0xc005519b70 SellerReputation:0xc005519b60 EffectiveSellerReputation:0xc005519b30 Reasons:[0xc005519bc0]}';reputation;sellers
;MLB; error parsing wrong data '{ID:0xc00027dca0 SiteID:0xc00027dcd0 SellerReputation:0xc00027dcc0 EffectiveSellerReputation:0xc00027dc90 Reasons:[0xc00027dd50]}';reputation;sellers
;; error parsing wrong data '{ID:0xc0007006f0 SiteID:0xc000700720 SellerReputation:0xc000700710 EffectiveSellerReputation:0xc0007006e0 Reasons:[0xc000700780]}';reputation;sellers
;; error parsing wrong data '{ID:0xc005519b40 SiteID:0xc005519b70 SellerReputation:0xc005519b60 EffectiveSellerReputation:0xc005519b30 Reasons:[0xc005519bc0]}';reputation;sellers
;MLB; error parsing wrong data '{ID:0xc00027dca0 SiteID:0xc00027dcd0 SellerReputation:0xc00027dcc0 EffectiveSellerReputation:0xc00027dc90 Reasons:[0xc00027dd50]}';reputation;sellers
;; error parsing wrong data '{ID:0xc0007006f0 SiteID:0xc000700720 SellerReputation:0xc000700710 EffectiveSellerReputation:0xc0007006e0 Reasons:[0xc000700780]}';reputation;sellers
;; error parsing wrong data '{ID:0xc005519b40 SiteID:0xc005519b70 SellerReputation:0xc005519b60 EffectiveSellerReputation:0xc005519b30 Reasons:[0xc005519bc0]}';reputation;sellers
;MLB; error parsing wrong data '{ID:0xc00027dca0 SiteID:0xc00027dcd0 SellerReputation:0xc00027dcc0 EffectiveSellerReputation:0xc00027dc90 Reasons:[0xc00027dd50]}';reputation;sellers
;; error parsing wrong data '{ID:0xc0007006f0 SiteID:0xc000700720 SellerReputation:0xc000700710 EffectiveSellerReputation:0xc0007006e0 Reasons:[0xc000700780]}';reputation;sellers
;; error parsing wrong data '{ID:0xc005519b40 SiteID:0xc005519b70 SellerReputation:0xc005519b60 EffectiveSellerReputation:0xc005519b30 Reasons:[0xc005519bc0]}';reputation;sellers
;MLB; error parsing wrong data '{ID:0xc00027dca0 SiteID:0xc00027dcd0 SellerReputation:0xc00027dcc0 EffectiveSellerReputation:0xc00027dc90 Reasons:[0xc00027dd50]}';reputation;sellers
;; error parsing wrong data '{ID:0xc0007006f0 SiteID:0xc000700720 SellerReputation:0xc000700710 EffectiveSellerReputation:0xc0007006e0 Reasons:[0xc000700780]}';reputation;sellers
;; error parsing wrong data '{ID:0xc005519b40 SiteID:0xc005519b70 SellerReputation:0xc005519b60 EffectiveSellerReputation:0xc005519b30 Reasons:[0xc005519bc0]}';reputation;sellers
;MLB; error parsing wrong data '{ID:0xc00027dca0 SiteID:0xc00027dcd0 SellerReputation:0xc00027dcc0 EffectiveSellerReputation:0xc00027dc90 Reasons:[0xc00027dd50]}';reputation;sellers
;; error parsing wrong data '{ID:0xc0007006f0 SiteID:0xc000700720 SellerReputation:0xc000700710 EffectiveSellerReputation:0xc0007006e0 Reasons:[0xc000700780]}';reputation;sellers
;; error parsing wrong data '{ID:0xc005519b40 SiteID:0xc005519b70 SellerReputation:0xc005519b60 EffectiveSellerReputation:0xc005519b30 Reasons:[0xc005519bc0]}';reputation;sellers
;MLB; error parsing wrong data '{ID:0xc00027dca0 SiteID:0xc00027dcd0 SellerReputation:0xc00027dcc0 EffectiveSellerReputation:0xc00027dc90 Reasons:[0xc00027dd50]}';reputation;sellers
;; error parsing wrong data '{ID:0xc0007006f0 SiteID:0xc000700720 SellerReputation:0xc000700710 EffectiveSellerReputation:0xc0007006e0 Reasons:[0xc000700780]}';reputation;sellers
;; error parsing wrong data '{ID:0xc005519b40 SiteID:0xc005519b70 SellerReputation:0xc005519b60 EffectiveSellerReputation:0xc005519b30 Reasons:[0xc005519bc0]}';reputation;sellers
;MLB; error parsing wrong data '{ID:0xc00027dca0 SiteID:0xc00027dcd0 SellerReputation:0xc00027dcc0 EffectiveSellerReputation:0xc00027dc90 Reasons:[0xc00027dd50]}';reputation;sellers
;; error parsing wrong data '{ID:0xc0007006f0 SiteID:0xc000700720 SellerReputation:0xc000700710 EffectiveSellerReputation:0xc0007006e0 Reasons:[0xc000700780]}';reputation;sellers
;; error parsing wrong data '{ID:0xc005519b40 SiteID:0xc005519b70 SellerReputation:0xc005519b60 EffectiveSellerReputation:0xc005519b30 Reasons:[0xc005519bc0]}';reputation;sellers
;MLB; error parsing wrong data '{ID:0xc00027dca0 SiteID:0xc00027dcd0 SellerReputation:0xc00027dcc0 EffectiveSellerReputation:0xc00027dc90 Reasons:[0xc00027dd50]}';reputation;sellers
;; error parsing wrong data '{ID:0xc0007006f0 SiteID:0xc000700720 SellerReputation:0xc000700710 EffectiveSellerReputation:0xc0007006e0 Reasons:[0xc000700780]}';reputation;sellers
;; error parsing wrong data '{ID:0xc005519b40 SiteID:0xc005519b70 SellerReputation:0xc005519b60 EffectiveSellerReputation:0xc005519b30 Reasons:[0xc005519bc0]}';reputation;sellers
;MLB; error parsing wrong data '{ID:0xc00027dca0 SiteID:0xc00027dcd0 SellerReputation:0xc00027dcc0 EffectiveSellerReputation:0xc00027dc90 Reasons:[0xc00027dd50]}';reputation;sellers
;; error parsing wrong data '{ID:0xc0007006f0 SiteID:0xc000700720 SellerReputation:0xc000700710 EffectiveSellerReputation:0xc0007006e0 Reasons:[0xc000700780]}';reputation;sellers
;; error parsing wrong data '{ID:0xc005519b40 SiteID:0xc005519b70 SellerReputation:0xc005519b60 EffectiveSellerReputation:0xc005519b30 Reasons:[0xc005519bc0]}';reputation;sellers
;MLB; error parsing wrong data '{ID:0xc00027dca0 SiteID:0xc00027dcd0 SellerReputation:0xc00027dcc0 EffectiveSellerReputation:0xc00027dc90 Reasons:[0xc00027dd50]}';reputation;sellers
;; error parsing wrong data '{ID:0xc0007006f0 SiteID:0xc000700720 SellerReputation:0xc000700710 EffectiveSellerReputation:0xc0007006e0 Reasons:[0xc000700780]}';reputation;sellers
;; error parsing wrong data '{ID:0xc005519b40 SiteID:0xc005519b70 SellerReputation:0xc005519b60 EffectiveSellerReputation:0xc005519b30 Reasons:[0xc005519bc0]}';reputation;sellers
;MLB; error parsing wrong data '{ID:0xc00027dca0 SiteID:0xc00027dcd0 SellerReputation:0xc00027dcc0 EffectiveSellerReputation:0xc00027dc90 Reasons:[0xc00027dd50]}';reputation;sellers
;; error parsing wrong data '{ID:0xc0007006f0 SiteID:0xc000700720 SellerReputation:0xc000700710 EffectiveSellerReputation:0xc0007006e0 Reasons:[0xc000700780]}';reputation;sellers
;; error parsing wrong data '{ID:0xc005519b40 SiteID:0xc005519b70 SellerReputation:0xc005519b60 EffectiveSellerReputation:0xc005519b30 Reasons:[0xc005519bc0]}';reputation;sellers
;MLB; error parsing wrong data '{ID:0xc00027dca0 SiteID:0xc00027dcd0 SellerReputation:0xc00027dcc0 EffectiveSellerReputation:0xc00027dc90 Reasons:[0xc00027dd50]}';reputation;sellers
;; error parsing wrong data '{ID:0xc0007006f0 SiteID:0xc000700720 SellerReputation:0xc000700710 EffectiveSellerReputation:0xc0007006e0 Reasons:[0xc000700780]}';reputation;sellers
;; error parsing wrong data '{ID:0xc005519b40 SiteID:0xc005519b70 SellerReputation:0xc005519b60 EffectiveSellerReputation:0xc005519b30 Reasons:[0xc005519bc0]}';reputation;sellers
;MLB; error parsing wrong data '{ID:0xc00027dca0 SiteID:0xc00027dcd0 SellerReputation:0xc00027dcc0 EffectiveSellerReputation:0xc00027dc90 Reasons:[0xc00027dd50]}';reputation;sellers
;; error parsing wrong data '{ID:0xc0007006f0 SiteID:0xc000700720 SellerReputation:0xc000700710 EffectiveSellerReputation:0xc0007006e0 Reasons:[0xc000700780]}';reputation;sellers
;; error parsing wrong data '{ID:0xc005519b40 SiteID:0xc005519b70 SellerReputation:0xc005519b60 EffectiveSellerReputation:0xc005519b30 Reasons:[0xc005519bc0]}';reputation;sellers
;MLB; error parsing wrong data '{ID:0xc00027dca0 SiteID:0xc00027dcd0 SellerReputation:0xc00027dcc0 EffectiveSellerReputation:0xc00027dc90 Reasons:[0xc00027dd50]}';reputation;sellers
;; error parsing wrong data '{ID:0xc0007006f0 SiteID:0xc000700720 SellerReputation:0xc000700710 EffectiveSellerReputation:0xc0007006e0 Reasons:[0xc000700780]}';reputation;sellers
;; error parsing wrong data '{ID:0xc005519b40 SiteID:0xc005519b70 SellerReputation:0xc005519b60 EffectiveSellerReputation:0xc005519b30 Reasons:[0xc005519bc0]}';reputation;sellers
;MLB; error parsing wrong data '{ID:0xc00027dca0 SiteID:0xc00027dcd0 SellerReputation:0xc00027dcc0 EffectiveSellerReputation:0xc00027dc90 Reasons:[0xc00027dd50]}';reputation;sellers
;; error parsing wrong data '{ID:0xc0007006f0 SiteID:0xc000700720 SellerReputation:0xc000700710 EffectiveSellerReputation:0xc0007006e0 Reasons:[0xc000700780]}';reputation;sellers
;; error parsing wrong data '{ID:0xc005519b40 SiteID:0xc005519b70 SellerReputation:0xc005519b60 EffectiveSellerReputation:0xc005519b30 Reasons:[0xc005519bc0]}';reputation;sellers
;MLB; error parsing wrong data '{ID:0xc00027dca0 SiteID:0xc00027dcd0 SellerReputation:0xc00027dcc0 EffectiveSellerReputation:0xc00027dc90 Reasons:[0xc00027dd50]}';reputation;sellers
;; error parsing wrong data '{ID:0xc0007006f0 SiteID:0xc000700720 SellerReputation:0xc000700710 EffectiveSellerReputation:0xc0007006e0 Reasons:[0xc000700780]}';reputation;sellers
;; error parsing wrong data '{ID:0xc005519b40 SiteID:0xc005519b70 SellerReputation:0xc005519b60 EffectiveSellerReputation:0xc005519b30 Reasons:[0xc005519bc0]}';reputation;sellers
;MLB; error parsing wrong data '{ID:0xc00027dca0 SiteID:0xc00027dcd0 SellerReputation:0xc00027dcc0 EffectiveSellerReputation:0xc00027dc90 Reasons:[0xc00027dd50]}';reputation;sellers
;; error parsing wrong data '{ID:0xc0007006f0 SiteID:0xc000700720 SellerReputation:0xc000700710 EffectiveSellerReputation:0xc0007006e0 Reasons:[0xc000700780]}';reputation;sellers
;; error parsing wrong data '{ID:0xc005519b40 SiteID:0xc005519b70 SellerReputation:0xc005519b60 EffectiveSellerReputation:0xc005519b30 Reasons:[0xc005519bc0]}';reputation;sellers
;MLB; error parsing wrong data '{ID:0xc00027dca0 SiteID:0xc00027dcd0 SellerReputation:0xc00027dcc0 EffectiveSellerReputation:0xc00027dc90 Reasons:[0xc00027dd50]}';reputation;sellers
;; error parsing wrong data '{ID:0xc0007006f0 SiteID:0xc000700720 SellerReputation:0xc000700710 EffectiveSellerReputation:0xc0007006e0 Reasons:[0xc000700780]}';reputation;sellers
;; error parsing wrong data '{ID:0xc005519b40 SiteID:0xc005519b70 SellerReputation:0xc005519b60 EffectiveSellerReputation:0xc005519b30 Reasons:[0xc005519bc0]}';reputation;sellers
;MLB; error parsing wrong data '{ID:0xc00027dca0 SiteID:0xc00027dcd0 SellerReputation:0xc00027dcc0 EffectiveSellerReputation:0xc00027dc90 Reasons:[0xc00027dd50]}';reputation;sellers
;; error parsing wrong data '{ID:0xc0007006f0 SiteID:0xc000700720 SellerReputation:0xc000700710 EffectiveSellerReputation:0xc0007006e0 Reasons:[0xc000700780]}';reputation;sellers
;; error parsing wrong data '{ID:0xc005519b40 SiteID:0xc005519b70 SellerReputation:0xc005519b60 EffectiveSellerReputation:0xc005519b30 Reasons:[0xc005519bc0]}';reputation;sellers
;MLB; error parsing wrong data '{ID:0xc00027dca0 SiteID:0xc00027dcd0 SellerReputation:0xc00027dcc0 EffectiveSellerReputation:0xc00027dc90 Reasons:[0xc00027dd50]}';reputation;sellers
;; error parsing wrong data '{ID:0xc0007006f0 SiteID:0xc000700720 SellerReputation:0xc000700710 EffectiveSellerReputation:0xc0007006e0 Reasons:[0xc000700780]}';reputation;sellers
;; error parsing wrong data '{ID:0xc005519b40 SiteID:0xc005519b70 SellerReputation:0xc005519b60 EffectiveSellerReputation:0xc005519b30 Reasons:[0xc005519bc0]}';reputation;sellers
;MLB; error parsing wrong data '{ID:0xc00027dca0 SiteID:0xc00027dcd0 SellerReputation:0xc00027dcc0 EffectiveSellerReputation:0xc00027dc90 Reasons:[0xc00027dd50]}';reputation;sellers
;; error parsing wrong data '{ID:0xc0007006f0 SiteID:0xc000700720 SellerReputation:0xc000700710 EffectiveSellerReputation:0xc0007006e0 Reasons:[0xc000700780]}';reputation;sellers
;; error parsing wrong data '{ID:0xc005519b40 SiteID:0xc005519b70 SellerReputation:0xc005519b60 EffectiveSellerReputation:0xc005519b30 Reasons:[0xc005519bc0]}';reputation;sellers
;MLB; error parsing wrong data '{ID:0xc00027dca0 SiteID:0xc00027dcd0 SellerReputation:0xc00027dcc0 EffectiveSellerReputation:0xc00027dc90 Reasons:[0xc00027dd50]}';reputation;sellers
;; error parsing wrong data '{ID:0xc0007006f0 SiteID:0xc000700720 SellerReputation:0xc000700710 EffectiveSellerReputation:0xc0007006e0 Reasons:[0xc000700780]}';reputation;sellers
;; error parsing wrong data '{ID:0xc005519b40 SiteID:0xc005519b70 SellerReputation:0xc005519b60 EffectiveSellerReputation:0xc005519b30 Reasons:[0xc005519bc0]}';reputation;sellers
;MLB; error parsing wrong data '{ID:0xc00027dca0 SiteID:0xc00027dcd0 SellerReputation:0xc00027dcc0 EffectiveSellerReputation:0xc00027dc90 Reasons:[0xc00027dd50]}';reputation;sellers
;; error parsing wrong data '{ID:0xc0007006f0 SiteID:0xc000700720 SellerReputation:0xc000700710 EffectiveSellerReputation:0xc0007006e0 Reasons:[0xc000700780]}';reputation;sellers
;; error parsing wrong data '{ID:0xc005519b40 SiteID:0xc005519b70 SellerReputation:0xc005519b60 EffectiveSellerReputation:0xc005519b30 Reasons:[0xc005519bc0]}';reputation;sellers
;MLB; error parsing wrong data '{ID:0xc00027dca0 SiteID:0xc00027dcd0 SellerReputation:0xc00027dcc0 EffectiveSellerReputation:0xc00027dc90 Reasons:[0xc00027dd50]}';reputation;sellers
;; error parsing wrong data '{ID:0xc0007006f0 SiteID:0xc000700720 SellerReputation:0xc000700710 EffectiveSellerReputation:0xc0007006e0 Reasons:[0xc000700780]}';reputation;sellers
;; error parsing wrong data '{ID:0xc005519b40 SiteID:0xc005519b70 SellerReputation:0xc005519b60 EffectiveSellerReputation:0xc005519b30 Reasons:[0xc005519bc0]}';reputation;sellers
;MLB; error parsing wrong data '{ID:0xc00027dca0 SiteID:0xc00027dcd0 SellerReputation:0xc00027dcc0 EffectiveSellerReputation:0xc00027dc90 Reasons:[0xc00027dd50]}';reputation;sellers
;; error parsing wrong data '{ID:0xc0007006f0 SiteID:0xc000700720 SellerReputation:0xc000700710 EffectiveSellerReputation:0xc0007006e0 Reasons:[0xc000700780]}';reputation;sellers
;; error parsing wrong data '{ID:0xc005519b40 SiteID:0xc005519b70 SellerReputation:0xc005519b60 EffectiveSellerReputation:0xc005519b30 Reasons:[0xc005519bc0]}';reputation;sellers
;MLB; error parsing wrong data '{ID:0xc00027dca0 SiteID:0xc00027dcd0 SellerReputation:0xc00027dcc0 EffectiveSellerReputation:0xc00027dc90 Reasons:[0xc00027dd50]}';reputation;sellers
;; error parsing wrong data '{ID:0xc0007006f0 SiteID:0xc000700720 SellerReputation:0xc000700710 EffectiveSellerReputation:0xc0007006e0 Reasons:[0xc000700780]}';reputation;sellers
;; error parsing wrong data '{ID:0xc005519b40 SiteID:0xc005519b70 SellerReputation:0xc005519b60 EffectiveSellerReputation:0xc005519b30 Reasons:[0xc005519bc0]}';reputation;sellers
;MLB; error parsing wrong data '{ID:0xc00027dca0 SiteID:0xc00027dcd0 SellerReputation:0xc00027dcc0 EffectiveSellerReputation:0xc00027dc90 Reasons:[0xc00027dd50]}';reputation;sellers
;; error parsing wrong data '{ID:0xc0007006f0 SiteID:0xc000700720 SellerReputation:0xc000700710 EffectiveSellerReputation:0xc0007006e0 Reasons:[0xc000700780]}';reputation;sellers
;; error parsing wrong data '{ID:0xc005519b40 SiteID:0xc005519b70 SellerReputation:0xc005519b60 EffectiveSellerReputation:0xc005519b30 Reasons:[0xc005519bc0]}';reputation;sellers
;MLB; error parsing wrong data '{ID:0xc00027dca0 SiteID:0xc00027dcd0 SellerReputation:0xc00027dcc0 EffectiveSellerReputation:0xc00027dc90 Reasons:[0xc00027dd50]}';reputation;sellers
;; error parsing wrong data '{ID:0xc0007006f0 SiteID:0xc000700720 SellerReputation:0xc000700710 EffectiveSellerReputation:0xc0007006e0 Reasons:[0xc000700780]}';reputation;sellers
;; error parsing wrong data '{ID:0xc005519b40 SiteID:0xc005519b70 SellerReputation:0xc005519b60 EffectiveSellerReputation:0xc005519b30 Reasons:[0xc005519bc0]}';reputation;sellers
;MLB; error parsing wrong data '{ID:0xc00027dca0 SiteID:0xc00027dcd0 SellerReputation:0xc00027dcc0 EffectiveSellerReputation:0xc00027dc90 Reasons:[0xc00027dd50]}';reputation;sellers
;; error parsing wrong data '{ID:0xc0007006f0 SiteID:0xc000700720 SellerReputation:0xc000700710 EffectiveSellerReputation:0xc0007006e0 Reasons:[0xc000700780]}';reputation;sellers
;; error parsing wrong data '{ID:0xc005519b40 SiteID:0xc005519b70 SellerReputation:0xc005519b60 EffectiveSellerReputation:0xc005519b30 Reasons:[0xc005519bc0]}';reputation;sellers
;MLB; error parsing wrong data '{ID:0xc00027dca0 SiteID:0xc00027dcd0 SellerReputation:0xc00027dcc0 EffectiveSellerReputation:0xc00027dc90 Reasons:[0xc00027dd50]}';reputation;sellers
;; error parsing wrong data '{ID:0xc0007006f0 SiteID:0xc000700720 SellerReputation:0xc000700710 EffectiveSellerReputation:0xc0007006e0 Reasons:[0xc000700780]}';reputation;sellers
;; error parsing wrong data '{ID:0xc005519b40 SiteID:0xc005519b70 SellerReputation:0xc005519b60 EffectiveSellerReputation:0xc005519b30 Reasons:[0xc005519bc0]}';reputation;sellers
;MLB; error parsing wrong data '{ID:0xc00027dca0 SiteID:0xc00027dcd0 SellerReputation:0xc00027dcc0 EffectiveSellerReputation:0xc00027dc90 Reasons:[0xc00027dd50]}';reputation;sellers
;; error parsing wrong data '{ID:0xc0007006f0 SiteID:0xc000700720 SellerReputation:0xc000700710 EffectiveSellerReputation:0xc0007006e0 Reasons:[0xc000700780]}';reputation;sellers
;; error parsing wrong data '{ID:0xc005519b40 SiteID:0xc005519b70 SellerReputation:0xc005519b60 EffectiveSellerReputation:0xc005519b30 Reasons:[0xc005519bc0]}';reputation;sellers
;MLB; error parsing wrong data '{ID:0xc00027dca0 SiteID:0xc00027dcd0 SellerReputation:0xc00027dcc0 EffectiveSellerReputation:0xc00027dc90 Reasons:[0xc00027dd50]}';reputation;sellers
;; error parsing wrong data '{ID:0xc0007006f0 SiteID:0xc000700720 SellerReputation:0xc000700710 EffectiveSellerReputation:0xc0007006e0 Reasons:[0xc000700780]}';reputation;sellers
;; error parsing wrong data '{ID:0xc005519b40 SiteID:0xc005519b70 SellerReputation:0xc005519b60 EffectiveSellerReputation:0xc005519b30 Reasons:[0xc005519bc0]}';reputation;sellers
;MLB; error parsing wrong data '{ID:0xc00027dca0 SiteID:0xc00027dcd0 SellerReputation:0xc00027dcc0 EffectiveSellerReputation:0xc00027dc90 Reasons:[0xc00027dd50]}';reputation;sellers
;; error parsing wrong data '{ID:0xc0007006f0 SiteID:0xc000700720 SellerReputation:0xc000700710 EffectiveSellerReputation:0xc0007006e0 Reasons:[0xc000700780]}';reputation;sellers
;; error parsing wrong data '{ID:0xc005519b40 SiteID:0xc005519b70 SellerReputation:0xc005519b60 EffectiveSellerReputation:0xc005519b30 Reasons:[0xc005519bc0]}';reputation;sellers
;MLB; error parsing wrong data '{ID:0xc00027dca0 SiteID:0xc00027dcd0 SellerReputation:0xc00027dcc0 EffectiveSellerReputation:0xc00027dc90 Reasons:[0xc00027dd50]}';reputation;sellers
;; error parsing wrong data '{ID:0xc0007006f0 SiteID:0xc000700720 SellerReputation:0xc000700710 EffectiveSellerReputation:0xc0007006e0 Reasons:[0xc000700780]}';reputation;sellers
;; error parsing wrong data '{ID:0xc005519b40 SiteID:0xc005519b70 SellerReputation:0xc005519b60 EffectiveSellerReputation:0xc005519b30 Reasons:[0xc005519bc0]}';reputation;sellers
;MLB; error parsing wrong data '{ID:0xc00027dca0 SiteID:0xc00027dcd0 SellerReputation:0xc00027dcc0 EffectiveSellerReputation:0xc00027dc90 Reasons:[0xc00027dd50]}';reputation;sellers
;; error parsing wrong data '{ID:0xc0007006f0 SiteID:0xc000700720 SellerReputation:0xc000700710 EffectiveSellerReputation:0xc0007006e0 Reasons:[0xc000700780]}';reputation;sellers
;; error parsing wrong data '{ID:0xc005519b40 SiteID:0xc005519b70 SellerReputation:0xc005519b60 EffectiveSellerReputation:0xc005519b30 Reasons:[0xc005519bc0]}';reputation;sellers
;MLB; error parsing wrong data '{ID:0xc00027dca0 SiteID:0xc00027dcd0 SellerReputation:0xc00027dcc0 EffectiveSellerReputation:0xc00027dc90 Reasons:[0xc00027dd50]}';reputation;sellers
;; error parsing wrong data '{ID:0xc0007006f0 SiteID:0xc000700720 SellerReputation:0xc000700710 EffectiveSellerReputation:0xc0007006e0 Reasons:[0xc000700780]}';reputation;sellers
;; error parsing wrong data '{ID:0xc005519b40 SiteID:0xc005519b70 SellerReputation:0xc005519b60 EffectiveSellerReputation:0xc005519b30 Reasons:[0xc005519bc0]}';reputation;sellers
;MLB; error parsing wrong data '{ID:0xc00027dca0 SiteID:0xc00027dcd0 SellerReputation:0xc00027dcc0 EffectiveSellerReputation:0xc00027dc90 Reasons:[0xc00027dd50]}';reputation;sellers
;; error parsing wrong data '{ID:0xc0007006f0 SiteID:0xc000700720 SellerReputation:0xc000700710 EffectiveSellerReputation:0xc0007006e0 Reasons:[0xc000700780]}';reputation;sellers
;; error parsing wrong data '{ID:0xc005519b40 SiteID:0xc005519b70 SellerReputation:0xc005519b60 EffectiveSellerReputation:0xc005519b30 Reasons:[0xc005519bc0]}';reputation;sellers
;MLB; error parsing wrong data '{ID:0xc00027dca0 SiteID:0xc00027dcd0 SellerReputation:0xc00027dcc0 EffectiveSellerReputation:0xc00027dc90 Reasons:[0xc00027dd50]}';reputation;sellers
;; error parsing wrong data '{ID:0xc0007006f0 SiteID:0xc000700720 SellerReputation:0xc000700710 EffectiveSellerReputation:0xc0007006e0 Reasons:[0xc000700780]}';reputation;sellers
;; error parsing wrong data '{ID:0xc005519b40 SiteID:0xc005519b70 SellerReputation:0xc005519b60 EffectiveSellerReputation:0xc005519b30 Reasons:[0xc005519bc0]}';reputation;sellers
;MLB; error parsing wrong data '{ID:0xc00027dca0 SiteID:0xc00027dcd0 SellerReputation:0xc00027dcc0 EffectiveSellerReputation:0xc00027dc90 Reasons:[0xc00027dd50]}';reputation;sellers
;; error parsing wrong data '{ID:0xc0007006f0 SiteID:0xc000700720 SellerReputation:0xc000700710 EffectiveSellerReputation:0xc0007006e0 Reasons:[0xc000700780]}';reputation;sellers
;; error parsing wrong data '{ID:0xc005519b40 SiteID:0xc005519b70 SellerReputation:0xc005519b60 EffectiveSellerReputation:0xc005519b30 Reasons:[0xc005519bc0]}';reputation;sellers
;MLB; error parsing wrong data '{ID:0xc00027dca0 SiteID:0xc00027dcd0 SellerReputation:0xc00027dcc0 EffectiveSellerReputation:0xc00027dc90 Reasons:[0xc00027dd50]}';reputation;sellers
;; error parsing wrong data '{ID:0xc0007006f0 SiteID:0xc000700720 SellerReputation:0xc000700710 EffectiveSellerReputation:0xc0007006e0 Reasons:[0xc000700780]}';reputation;sellers
;; error parsing wrong data '{ID:0xc005519b40 SiteID:0xc005519b70 SellerReputation:0xc005519b60 EffectiveSellerReputation:0xc005519b30 Reasons:[0xc005519bc0]}';reputation;sellers
;MLB; error parsing wrong data '{ID:0xc00027dca0 SiteID:0xc00027dcd0 SellerReputation:0xc00027dcc0 EffectiveSellerReputation:0xc00027dc90 Reasons:[0xc00027dd50]}';reputation;sellers
;; error parsing wrong data '{ID:0xc0007006f0 SiteID:0xc000700720 SellerReputation:0xc000700710 EffectiveSellerReputation:0xc0007006e0 Reasons:[0xc000700780]}';reputation;sellers
;; error parsing wrong data '{ID:0xc005519b40 SiteID:0xc005519b70 SellerReputation:0xc005519b60 EffectiveSellerReputation:0xc005519b30 Reasons:[0xc005519bc0]}';reputation;sellers
;MLB; error parsing wrong data '{ID:0xc00027dca0 SiteID:0xc00027dcd0 SellerReputation:0xc00027dcc0 EffectiveSellerReputation:0xc00027dc90 Reasons:[0xc00027dd50]}';reputation;sellers
;; error parsing wrong data '{ID:0xc0007006f0 SiteID:0xc000700720 SellerReputation:0xc000700710 EffectiveSellerReputation:0xc0007006e0 Reasons:[0xc000700780]}';reputation;sellers
;; error parsing wrong data '{ID:0xc005519b40 SiteID:0xc005519b70 SellerReputation:0xc005519b60 EffectiveSellerReputation:0xc005519b30 Reasons:[0xc005519bc0]}';reputation;sellers
;MLB; error parsing wrong data '{ID:0xc00027dca0 SiteID:0xc00027dcd0 SellerReputation:0xc00027dcc0 EffectiveSellerReputation:0xc00027dc90 Reasons:[0xc00027dd50]}';reputation;sellers
;; error parsing wrong data '{ID:0xc0007006f0 SiteID:0xc000700720 SellerReputation:0xc000700710 EffectiveSellerReputation:0xc0007006e0 Reasons:[0xc000700780]}';reputation;sellers
;; error parsing wrong data '{ID:0xc005519b40 SiteID:0xc005519b70 SellerReputation:0xc005519b60 EffectiveSellerReputation:0xc005519b30 Reasons:[0xc005519bc0]}';reputation;sellers
;MLB; error parsing wrong data '{ID:0xc00027dca0 SiteID:0xc00027dcd0 SellerReputation:0xc00027dcc0 EffectiveSellerReputation:0xc00027dc90 Reasons:[0xc00027dd50]}';reputation;sellers
;; error parsing wrong data '{ID:0xc0007006f0 SiteID:0xc000700720 SellerReputation:0xc000700710 EffectiveSellerReputation:0xc0007006e0 Reasons:[0xc000700780]}';reputation;sellers
;; error parsing wrong data '{ID:0xc005519b40 SiteID:0xc005519b70 SellerReputation:0xc005519b60 EffectiveSellerReputation:0xc005519b30 Reasons:[0xc005519bc0]}';reputation;sellers
;MLB; error parsing wrong data '{ID:0xc00027dca0 SiteID:0xc00027dcd0 SellerReputation:0xc00027dcc0 EffectiveSellerReputation:0xc00027dc90 Reasons:[0xc00027dd50]}';reputation;sellers
;; error parsing wrong data '{ID:0xc0007006f0 SiteID:0xc000700720 SellerReputation:0xc000700710 EffectiveSellerReputation:0xc0007006e0 Reasons:[0xc000700780]}';reputation;sellers
;; error parsing wrong data '{ID:0xc005519b40 SiteID:0xc005519b70 SellerReputation:0xc005519b60 EffectiveSellerReputation:0xc005519b30 Reasons:[0xc005519bc0]}';reputation;sellers
;MLB; error parsing wrong data '{ID:0xc00027dca0 SiteID:0xc00027dcd0 SellerReputation:0xc00027dcc0 EffectiveSellerReputation:0xc00027dc90 Reasons:[0xc00027dd50]}';reputation;sellers
;; error parsing wrong data '{ID:0xc0007006f0 SiteID:0xc000700720 SellerReputation:0xc000700710 EffectiveSellerReputation:0xc0007006e0 Reasons:[0xc000700780]}';reputation;sellers
;; error parsing wrong data '{ID:0xc005519b40 SiteID:0xc005519b70 SellerReputation:0xc005519b60 EffectiveSellerReputation:0xc005519b30 Reasons:[0xc005519bc0]}';reputation;sellers
;MLB; error parsing wrong data '{ID:0xc00027dca0 SiteID:0xc00027dcd0 SellerReputation:0xc00027dcc0 EffectiveSellerReputation:0xc00027dc90 Reasons:[0xc00027dd50]}';reputation;sellers
;; error parsing wrong data '{ID:0xc0007006f0 SiteID:0xc000700720 SellerReputation:0xc000700710 EffectiveSellerReputation:0xc0007006e0 Reasons:[0xc000700780]}';reputation;sellers
;; error parsing wrong data '{ID:0xc005519b40 SiteID:0xc005519b70 SellerReputation:0xc005519b60 EffectiveSellerReputation:0xc005519b30 Reasons:[0xc005519bc0]}';reputation;sellers
;MLB; error parsing wrong data '{ID:0xc00027dca0 SiteID:0xc00027dcd0 SellerReputation:0xc00027dcc0 EffectiveSellerReputation:0xc00027dc90 Reasons:[0xc00027dd50]}';reputation;sellers
;; error parsing wrong data '{ID:0xc0007006f0 SiteID:0xc000700720 SellerReputation:0xc000700710 EffectiveSellerReputation:0xc0007006e0 Reasons:[0xc000700780]}';reputation;sellers
;; error parsing wrong data '{ID:0xc005519b40 SiteID:0xc005519b70 SellerReputation:0xc005519b60 EffectiveSellerReputation:0xc005519b30 Reasons:[0xc005519bc0]}';reputation;sellers
;MLB; error parsing wrong data '{ID:0xc00027dca0 SiteID:0xc00027dcd0 SellerReputation:0xc00027dcc0 EffectiveSellerReputation:0xc00027dc90 Reasons:[0xc00027dd50]}';reputation;sellers
;; error parsing wrong data '{ID:0xc0007006f0 SiteID:0xc000700720 SellerReputation:0xc000700710 EffectiveSellerReputation:0xc0007006e0 Reasons:[0xc000700780]}';reputation;sellers
;; error parsing wrong data '{ID:0xc005519b40 SiteID:0xc005519b70 SellerReputation:0xc005519b60 EffectiveSellerReputation:0xc005519b30 Reasons:[0xc005519bc0]}';reputation;sellers
;MLB; error parsing wrong data '{ID:0xc00027dca0 SiteID:0xc00027dcd0 SellerReputation:0xc00027dcc0 EffectiveSellerReputation:0xc00027dc90 Reasons:[0xc00027dd50]}';reputation;sellers
;; error parsing wrong data '{ID:0xc0007006f0 SiteID:0xc000700720 SellerReputation:0xc000700710 EffectiveSellerReputation:0xc0007006e0 Reasons:[0xc000700780]}';reputation;sellers
;; error parsing wrong data '{ID:0xc005519b40 SiteID:0xc005519b70 SellerReputation:0xc005519b60 EffectiveSellerReputation:0xc005519b30 Reasons:[0xc005519bc0]}';reputation;sellers
;MLB; error parsing wrong data '{ID:0xc00027dca0 SiteID:0xc00027dcd0 SellerReputation:0xc00027dcc0 EffectiveSellerReputation:0xc00027dc90 Reasons:[0xc00027dd50]}';reputation;sellers
;; error parsing wrong data '{ID:0xc0007006f0 SiteID:0xc000700720 SellerReputation:0xc000700710 EffectiveSellerReputation:0xc0007006e0 Reasons:[0xc000700780]}';reputation;sellers
;; error parsing wrong data '{ID:0xc005519b40 SiteID:0xc005519b70 SellerReputation:0xc005519b60 EffectiveSellerReputation:0xc005519b30 Reasons:[0xc005519bc0]}';reputation;sellers
;MLB; error parsing wrong data '{ID:0xc00027dca0 SiteID:0xc00027dcd0 SellerReputation:0xc00027dcc0 EffectiveSellerReputation:0xc00027dc90 Reasons:[0xc00027dd50]}';reputation;sellers
;; error parsing wrong data '{ID:0xc0007006f0 SiteID:0xc000700720 SellerReputation:0xc000700710 EffectiveSellerReputation:0xc0007006e0 Reasons:[0xc000700780]}';reputation;sellers
;; error parsing wrong data '{ID:0xc005519b40 SiteID:0xc005519b70 SellerReputation:0xc005519b60 EffectiveSellerReputation:0xc005519b30 Reasons:[0xc005519bc0]}';reputation;sellers
;MLB; error parsing wrong data '{ID:0xc00027dca0 SiteID:0xc00027dcd0 SellerReputation:0xc00027dcc0 EffectiveSellerReputation:0xc00027dc90 Reasons:[0xc00027dd50]}';reputation;sellers
;; error parsing wrong data '{ID:0xc0007006f0 SiteID:0xc000700720 SellerReputation:0xc000700710 EffectiveSellerReputation:0xc0007006e0 Reasons:[0xc000700780]}';reputation;sellers
;; error parsing wrong data '{ID:0xc005519b40 SiteID:0xc005519b70 SellerReputation:0xc005519b60 EffectiveSellerReputation:0xc005519b30 Reasons:[0xc005519bc0]}';reputation;sellers
;MLB; error parsing wrong data '{ID:0xc00027dca0 SiteID:0xc00027dcd0 SellerReputation:0xc00027dcc0 EffectiveSellerReputation:0xc00027dc90 Reasons:[0xc00027dd50]}';reputation;sellers
;; error parsing wrong data '{ID:0xc0007006f0 SiteID:0xc000700720 SellerReputation:0xc000700710 EffectiveSellerReputation:0xc0007006e0 Reasons:[0xc000700780]}';reputation;sellers
;; error parsing wrong data '{ID:0xc005519b40 SiteID:0xc005519b70 SellerReputation:0xc005519b60 EffectiveSellerReputation:0xc005519b30 Reasons:[0xc005519bc0]}';reputation;sellers
;MLB; error parsing wrong data '{ID:0xc00027dca0 SiteID:0xc00027dcd0 SellerReputation:0xc00027dcc0 EffectiveSellerReputation:0xc00027dc90 Reasons:[0xc00027dd50]}';reputation;sellers
;; error parsing wrong data '{ID:0xc0007006f0 SiteID:0xc000700720 SellerReputation:0xc000700710 EffectiveSellerReputation:0xc0007006e0 Reasons:[0xc000700780]}';reputation;sellers
;; error parsing wrong data '{ID:0xc005519b40 SiteID:0xc005519b70 SellerReputation:0xc005519b60 EffectiveSellerReputation:0xc005519b30 Reasons:[0xc005519bc0]}';reputation;sellers
;MLB; error parsing wrong data '{ID:0xc00027dca0 SiteID:0xc00027dcd0 SellerReputation:0xc00027dcc0 EffectiveSellerReputation:0xc00027dc90 Reasons:[0xc00027dd50]}';reputation;sellers
;; error parsing wrong data '{ID:0xc0007006f0 SiteID:0xc000700720 SellerReputation:0xc000700710 EffectiveSellerReputation:0xc0007006e0 Reasons:[0xc000700780]}';reputation;sellers
;; error parsing wrong data '{ID:0xc005519b40 SiteID:0xc005519b70 SellerReputation:0xc005519b60 EffectiveSellerReputation:0xc005519b30 Reasons:[0xc005519bc0]}';reputation;sellers
;MLB; error parsing wrong data '{ID:0xc00027dca0 SiteID:0xc00027dcd0 SellerReputation:0xc00027dcc0 EffectiveSellerReputation:0xc00027dc90 Reasons:[0xc00027dd50]}';reputation;sellers
;; error parsing wrong data '{ID:0xc0007006f0 SiteID:0xc000700720 SellerReputation:0xc000700710 EffectiveSellerReputation:0xc0007006e0 Reasons:[0xc000700780]}';reputation;sellers
;; error parsing wrong data '{ID:0xc005519b40 SiteID:0xc005519b70 SellerReputation:0xc005519b60 EffectiveSellerReputation:0xc005519b30 Reasons:[0xc005519bc0]}';reputation;sellers
;MLB; error parsing wrong data '{ID:0xc00027dca0 SiteID:0xc00027dcd0 SellerReputation:0xc00027dcc0 EffectiveSellerReputation:0xc00027dc90 Reasons:[0xc00027dd50]}';reputation;sellers
;; error parsing wrong data '{ID:0xc0007006f0 SiteID:0xc000700720 SellerReputation:0xc000700710 EffectiveSellerReputation:0xc0007006e0 Reasons:[0xc000700780]}';reputation;sellers
;; error parsing wrong data '{ID:0xc005519b40 SiteID:0xc005519b70 SellerReputation:0xc005519b60 EffectiveSellerReputation:0xc005519b30 Reasons:[0xc005519bc0]}';reputation;sellers
;MLB; error parsing wrong data '{ID:0xc00027dca0 SiteID:0xc00027dcd0 SellerReputation:0xc00027dcc0 EffectiveSellerReputation:0xc00027dc90 Reasons:[0xc00027dd50]}';reputation;sellers
;; error parsing wrong data '{ID:0xc0007006f0 SiteID:0xc000700720 SellerReputation:0xc000700710 EffectiveSellerReputation:0xc0007006e0 Reasons:[0xc000700780]}';reputation;sellers
;; error parsing wrong data '{ID:0xc005519b40 SiteID:0xc005519b70 SellerReputation:0xc005519b60 EffectiveSellerReputation:0xc005519b30 Reasons:[0xc005519bc0]}';reputation;sellers
;MLB; error parsing wrong data '{ID:0xc00027dca0 SiteID:0xc00027dcd0 SellerReputation:0xc00027dcc0 EffectiveSellerReputation:0xc00027dc90 Reasons:[0xc00027dd50]}';reputation;sellers
;; error parsing wrong data '{ID:0xc0007006f0 SiteID:0xc000700720 SellerReputation:0xc000700710 EffectiveSellerReputation:0xc0007006e0 Reasons:[0xc000700780]}';reputation;sellers
;; error parsing wrong data '{ID:0xc005519b40 SiteID:0xc005519b70 SellerReputation:0xc005519b60 EffectiveSellerReputation:0xc005519b30 Reasons:[0xc005519bc0]}';reputation;sellers
;MLB; error parsing wrong data '{ID:0xc00027dca0 SiteID:0xc00027dcd0 SellerReputation:0xc00027dcc0 EffectiveSellerReputation:0xc00027dc90 Reasons:[0xc00027dd50]}';reputation;sellers
;; error parsing wrong data '{ID:0xc0007006f0 SiteID:0xc000700720 SellerReputation:0xc000700710 EffectiveSellerReputation:0xc0007006e0 Reasons:[0xc000700780]}';reputation;sellers
;; error parsing wrong data '{ID:0xc005519b40 SiteID:0xc005519b70 SellerReputation:0xc005519b60 EffectiveSellerReputation:0xc005519b30 Reasons:[0xc005519bc0]}';reputation;sellers
;MLB; error parsing wrong data '{ID:0xc00027dca0 SiteID:0xc00027dcd0 SellerReputation:0xc00027dcc0 EffectiveSellerReputation:0xc00027dc90 Reasons:[0xc00027dd50]}';reputation;sellers
;; error parsing wrong data '{ID:0xc0007006f0 SiteID:0xc000700720 SellerReputation:0xc000700710 EffectiveSellerReputation:0xc0007006e0 Reasons:[0xc000700780]}';reputation;sellers
;; error parsing wrong data '{ID:0xc005519b40 SiteID:0xc005519b70 SellerReputation:0xc005519b60 EffectiveSellerReputation:0xc005519b30 Reasons:[0xc005519bc0]}';reputation;sellers
;MLB; error parsing wrong data '{ID:0xc00027dca0 SiteID:0xc00027dcd0 SellerReputation:0xc00027dcc0 EffectiveSellerReputation:0xc00027dc90 Reasons:[0xc00027dd50]}';reputation;sellers
;; error parsing wrong data '{ID:0xc0007006f0 SiteID:0xc000700720 SellerReputation:0xc000700710 EffectiveSellerReputation:0xc0007006e0 Reasons:[0xc000700780]}';reputation;sellers
;; error parsing wrong data '{ID:0xc005519b40 SiteID:0xc005519b70 SellerReputation:0xc005519b60 EffectiveSellerReputation:0xc005519b30 Reasons:[0xc005519bc0]}';reputation;sellers
;MLB; error parsing wrong data '{ID:0xc00027dca0 SiteID:0xc00027dcd0 SellerReputation:0xc00027dcc0 EffectiveSellerReputation:0xc00027dc90 Reasons:[0xc00027dd50]}';reputation;sellers
;; error parsing wrong data '{ID:0xc0007006f0 SiteID:0xc000700720 SellerReputation:0xc000700710 EffectiveSellerReputation:0xc0007006e0 Reasons:[0xc000700780]}';reputation;sellers
;; error parsing wrong data '{ID:0xc005519b40 SiteID:0xc005519b70 SellerReputation:0xc005519b60 EffectiveSellerReputation:0xc005519b30 Reasons:[0xc005519bc0]}';reputation;sellers
;MLB; error parsing wrong data '{ID:0xc00027dca0 SiteID:0xc00027dcd0 SellerReputation:0xc00027dcc0 EffectiveSellerReputation:0xc00027dc90 Reasons:[0xc00027dd50]}';reputation;sellers
;; error parsing wrong data '{ID:0xc0007006f0 SiteID:0xc000700720 SellerReputation:0xc000700710 EffectiveSellerReputation:0xc0007006e0 Reasons:[0xc000700780]}';reputation;sellers
;; error parsing wrong data '{ID:0xc005519b40 SiteID:0xc005519b70 SellerReputation:0xc005519b60 EffectiveSellerReputation:0xc005519b30 Reasons:[0xc005519bc0]}';reputation;sellers
;MLB; error parsing wrong data '{ID:0xc00027dca0 SiteID:0xc00027dcd0 SellerReputation:0xc00027dcc0 EffectiveSellerReputation:0xc00027dc90 Reasons:[0xc00027dd50]}';reputation;sellers
;; error parsing wrong data '{ID:0xc0007006f0 SiteID:0xc000700720 SellerReputation:0xc000700710 EffectiveSellerReputation:0xc0007006e0 Reasons:[0xc000700780]}';reputation;sellers
;; error parsing wrong data '{ID:0xc005519b40 SiteID:0xc005519b70 SellerReputation:0xc005519b60 EffectiveSellerReputation:0xc005519b30 Reasons:[0xc005519bc0]}';reputation;sellers
;MLB; error parsing wrong data '{ID:0xc00027dca0 SiteID:0xc00027dcd0 SellerReputation:0xc00027dcc0 EffectiveSellerReputation:0xc00027dc90 Reasons:[0xc00027dd50]}';reputation;sellers
;; error parsing wrong data '{ID:0xc0007006f0 SiteID:0xc000700720 SellerReputation:0xc000700710 EffectiveSellerReputation:0xc0007006e0 Reasons:[0xc000700780]}';reputation;sellers
;; error parsing wrong data '{ID:0xc005519b40 SiteID:0xc005519b70 SellerReputation:0xc005519b60 EffectiveSellerReputation:0xc005519b30 Reasons:[0xc005519bc0]}';reputation;sellers
;MLB; error parsing wrong data '{ID:0xc00027dca0 SiteID:0xc00027dcd0 SellerReputation:0xc00027dcc0 EffectiveSellerReputation:0xc00027dc90 Reasons:[0xc00027dd50]}';reputation;sellers
;; error parsing wrong data '{ID:0xc0007006f0 SiteID:0xc000700720 SellerReputation:0xc000700710 EffectiveSellerReputation:0xc0007006e0 Reasons:[0xc000700780]}';reputation;sellers
;; error parsing wrong data '{ID:0xc005519b40 SiteID:0xc005519b70 SellerReputation:0xc005519b60 EffectiveSellerReputation:0xc005519b30 Reasons:[0xc005519bc0]}';reputation;sellers
;MLB; error parsing wrong data '{ID:0xc00027dca0 SiteID:0xc00027dcd0 SellerReputation:0xc00027dcc0 EffectiveSellerReputation:0xc00027dc90 Reasons:[0xc00027dd50]}';reputation;sellers
;; error parsing wrong data '{ID:0xc0007006f0 SiteID:0xc000700720 SellerReputation:0xc000700710 EffectiveSellerReputation:0xc0007006e0 Reasons:[0xc000700780]}';reputation;sellers
;; error parsing wrong data '{ID:0xc005519b40 SiteID:0xc005519b70 SellerReputation:0xc005519b60 EffectiveSellerReputation:0xc005519b30 Reasons:[0xc005519bc0]}';reputation;sellers
;MLB; error parsing wrong data '{ID:0xc00027dca0 SiteID:0xc00027dcd0 SellerReputation:0xc00027dcc0 EffectiveSellerReputation:0xc00027dc90 Reasons:[0xc00027dd50]}';reputation;sellers
;; error parsing wrong data '{ID:0xc0007006f0 SiteID:0xc000700720 SellerReputation:0xc000700710 EffectiveSellerReputation:0xc0007006e0 Reasons:[0xc000700780]}';reputation;sellers
;; error parsing wrong data '{ID:0xc005519b40 SiteID:0xc005519b70 SellerReputation:0xc005519b60 EffectiveSellerReputation:0xc005519b30 Reasons:[0xc005519bc0]}';reputation;sellers
;MLB; error parsing wrong data '{ID:0xc00027dca0 SiteID:0xc00027dcd0 SellerReputation:0xc00027dcc0 EffectiveSellerReputation:0xc00027dc90 Reasons:[0xc00027dd50]}';reputation;sellers
;; error parsing wrong data '{ID:0xc0007006f0 SiteID:0xc000700720 SellerReputation:0xc000700710 EffectiveSellerReputation:0xc0007006e0 Reasons:[0xc000700780]}';reputation;sellers
;; error parsing wrong data '{ID:0xc005519b40 SiteID:0xc005519b70 SellerReputation:0xc005519b60 EffectiveSellerReputation:0xc005519b30 Reasons:[0xc005519bc0]}';reputation;sellers
